ID,Ref,Conference,Acronym,Year,Authors,Item Title,Item DOI,URL,MSR,SA,Pilot,RQ1: Reasons,RQ1: Study type,RQ1: Activities,RQ2: Data sources,RQ2: Data size,RQ2: Industrial systems,RQ2: Open-Source systems,RQ2: Issues,RQ2: Commits,RQ2: LOC,RQ2: Stack Overflow Posts,RQ3: Techniques,RQ4: Information type
1,Harrison2008,Seventh Working IEEE/IFIP Conference on [::Software::] [::Architecture::] (WICSA 2008),WICSA,2008,N. B. Harrison; P. Avgeriou,Analysis of Architecture Pattern Usage in Legacy System Architecture Documentation,10.1109/WICSA.2008.18,https://ieeexplore.ieee.org/stamp/stamp.jsp?arnumber=4459153,Yes,Yes,No,[Capture_architectural_knowledge][Achieve_quality_attributes],[Evaluate_approach],[architectural_analysis],[Architectural models],-,-,47,-,-,-,-,[qualitative_analysis],[architectural_solutions]
2,KamalA10,ECSA,ECSA,2010,Ahmad Waqas KamalParis Avgeriou,Mining Relationships between the Participants of Architectural Patterns,10.1007/978-3-642-15114-9_34,http://link.springer.com/chapter/10.1007/978-3-642-15114-9_34,Yes,Yes,Yes,[Achieve_quality_attributes][Capture_architectural_knowledge],[Exploratory],[architectural_synthesis],[architecture_design_documentation],-,32,-,-,-,-,-,[qualitative_analysis],[architectural_solutions]
3,Buchgeher2011,2011 Ninth Working IEEE/IFIP Conference on [::Software::] [::Architecture::],WICSA,2011,G. Buchgeher; R. Weinreich,Automatic Tracing of Decisions to Architecture and Implementation,10.1109/WICSA.2011.16,https://ieeexplore.ieee.org/stamp/stamp.jsp?arnumber=5959698,Yes,Yes,No,[Save_manual_efforts][Capture_architectural_knowledge],[Evaluate_approach],[architectural_synthesis][architectural_evaluation],[system_logs],-,1,2,-,-,40464,-,[model_analysis],[architectural_components][architectural_decisions_And_Rationale]
4,Brown2011AnalysisPlanning,2011 Ninth Working IEEE/IFIP Conference on [::Software::] [::Architecture::],WICSA,2011,N. Brown; R. L. Nord; I. Ozkaya; M. Pais,Analysis and Management of Architectural Dependencies in Iterative Release Planning,10.1109/WICSA.2011.22,https://ieeexplore.ieee.org/stamp/stamp.jsp?arnumber=5959724,Yes,Yes,No,[Industrial_financial_costs][Support_software_process][Measure_architecture],[Exploratory],[architectural_analysis],[architecture_design_documentation][Requirements],-,1,-,-,5,-,-,[statistical_analysis],[metrics]
5,Hu2012,2012 9th IEEE Working Conference on [::Mining::] [::Software::] [::Repositories::] (MSR),MSR,2012,W. Hu; D. Han; A. Hindle; K. Wong,The build dependency perspective of Android's concrete architecture,10.1109/MSR.2012.6224270,https://ieeexplore.ieee.org/stamp/stamp.jsp?arnumber=6224270,Yes,Yes,No,[Capture_architectural_knowledge][Conformance_check],[Evaluate_approach],[architectural_analysis][architectural_evaluation],[Build_traces],-,-,90,-,-,-,-,[model_analysis],[architectural_components]
6,Garcia2012ARecovery,2012 Joint Working IEEE/IFIP Conference on [::Software::] [::Architecture::] and European Conference on [::Software::] [::Architecture::],WICSA,2012,J. Garcia; I. Krka; N. Medvidovic; C. Douglas,A Framework for Obtaining the Ground-Truth in Architectural Recovery,10.1109/WICSA-ECSA.212.48,https://ieeexplore.ieee.org/stamp/stamp.jsp?arnumber=6337738,Yes,Yes,Yes,[Support_software_process][Support_architectural_program_comprehension][Identify_and_resolve_issues_in_existing_system][Limitations_in_existing_tools][dearth_of_ground_truth],[Evaluate_approach],[architectural_analysis],[source code repository][architecture_design_documentation],-,-,1,-,-,697316.6667,-,[code_analysis][model_analysis][qualitative_analysis],[architectural_components]
7,Heider2012ALine,2012 Joint Working IEEE/IFIP Conference on [::Software::] [::Architecture::] and European Conference on [::Software::] [::Architecture::],WICSA,2012,W. Heider; M. Vierhauser; D. Lettner; P. GrÃ¼nbacher,A Case Study on the Evolution of a Component-based Product Line,10.1109/WICSA-ECSA.212.8,https://ieeexplore.ieee.org/stamp/stamp.jsp?arnumber=6337756,Yes,Yes,No,[Achieve_quality_attributes][Industrial_financial_costs][Support_software_process][Multidesciplinary][Support_architectural_program_comprehension],[Exploratory],Not mentioned,[Requirements][issues_tracking][meetings_protocols],-,1,-,75,2,-,-,[qualitative_analysis],[architectural_components]
8,Guana2012,2012 9th IEEE Working Conference on [::Mining::] [::Software::] [::Repositories::] (MSR),MSR,2012,V. Guana; F. Rocha; A. Hindle; E. Stroulia,Do the stars align? Multidimensional analysis of Android's layered architecture,10.1109/MSR.2012.6224269,https://ieeexplore.ieee.org/stamp/stamp.jsp?arnumber=6224269,Yes,Yes,No,[Industrial_financial_costs][team_distribution][Identify_and_resolve_issues_in_existing_system],[Exploratory],Not mentioned,[issues_tracking],-,-,-,20169,-,-,-,[statistical_analysis],[architectural_components]
9,Raemaekers2013,2013 10th Working Conference on [::Mining::] [::Software::] [::Repositories::] (MSR),MSR,2013,S. Raemaekers; G. F. Nane; A. van Deursen; J. Visser,"Testing principles, current practices, and effects of change localization",10.1109/MSR.2013.6624037,https://ieeexplore.ieee.org/stamp/stamp.jsp?arnumber=6624037,Yes,Yes,No,[Support_architectural_program_comprehension][Achieve_quality_attributes],[Exploratory],[architectural_analysis][architectural_evaluation],[source code repository],-,-,148253 libraries,-,8,2439000,-,[statistical_analysis],[metrics][Correlations]
10,vanderVenADDs,ECSA,ECSA,2013,Jan Salvador van der VenJan Bosch,Making the Right Decision: Supporting Architects with Design Decision Data,10.1007/978-3-642-39031-9_15,http://link.springer.com/chapter/10.1007/978-3-642-39031-9_15,Yes,Yes,No,[anecdotal architectural experiences][Capture_architectural_knowledge][Open-source],[Exploratory],[architectural_analysis],[source code repository],-,-,710,-,12600,-,-,[code_analysis][visualization][qualitative_analysis],[architectural_decisions_And_Rationale]
11,Weinreich2014AutomaticSystems,2014 IEEE/IFIP Conference on [::Software::] [::Architecture::],WICSA,2014,R. Weinreich; G. Buchgeher,Automatic Reference Architecture Conformance Checking for SOA-Based Software Systems,10.1109/WICSA.2014.22,https://ieeexplore.ieee.org/stamp/stamp.jsp?arnumber=6827106,Yes,Yes,No,[Achieve_quality_attributes][Identify_and_resolve_issues_in_existing_system],[Evaluate_approach],[architectural_analysis],[source code repository][Reference_architecture],-,3,-,-,-,-,-,[code_analysis][visualization][model_analysis],[architectural_components]
12,Wermelinger2015,2015 IEEE/ACM 12th Working Conference on [::Mining::] [::Software::] [::Repositories::],MSR,2015,M. Wermelinger; Y. Yu,An Architectural Evolution Dataset,10.1109/MSR.2015.74,https://ieeexplore.ieee.org/stamp/stamp.jsp?arnumber=7180128,Yes,Yes,No,[Support_architectural_program_comprehension][Support_software_process][Achieve_quality_attributes],[Evaluate_approach],[architectural_analysis],[system_logs],-,-,2,-,2,7898000,-,[model_analysis],[architectural_components]
13,Le2015,2015 IEEE/ACM 12th Working Conference on [::Mining::] [::Software::] [::Repositories::],MSR,2015,D. M. Le; P. Behnamghader; J. Garcia; D. Link; A. Shahbazian; N. Medvidovic,An Empirical Study of Architectural Change in Open-Source Software Systems,10.1109/MSR.2015.29,https://ieeexplore.ieee.org/stamp/stamp.jsp?arnumber=7180083,Yes,Yes,No,"[Architectural_solutions_growth,_limitations_and_complexities][Identify_and_resolve_issues_in_existing_system][Industrial_financial_costs]",[Evaluate_approach],[architectural_analysis][architectural_evaluation],[source code repository],-,-,14,-,572,-,-,[machine_learning][statistical_analysis],[architectural_decisions_And_Rationale][metrics]
14,Mirakhorli2015ModificationsTactics,2015 IEEE/ACM 12th Working Conference on [::Mining::] [::Software::] [::Repositories::],MSR,2015,M. Mirakhorli; J. Cleland-Huang,"Modifications, Tweaks, and Bug Fixes in Architectural Tactics",10.1109/MSR.2015.44,https://ieeexplore.ieee.org/stamp/stamp.jsp?arnumber=7180098,Yes,Yes,No,[Achieve_quality_attributes][Identify_and_resolve_issues_in_existing_system],[Exploratory],Not mentioned,[source code repository][issues_tracking],-,-,2,-,-,-,-,[statistical_analysis][code_analysis],[Correlations][metrics][architectural_solutions]
15,Kouroshfar2015ASoftware,2015 IEEE/ACM 12th Working Conference on [::Mining::] [::Software::] [::Repositories::],MSR,2015,E. Kouroshfar; M. Mirakhorli; H. Bagheri; L. Xiao; S. Malek; Y. Cai,A Study on the Role of Software Architecture in the Evolution and Quality of Software,10.1109/MSR.2015.30,https://ieeexplore.ieee.org/stamp/stamp.jsp?arnumber=7180084,Yes,Yes,No,"[Achieve_quality_attributes][Identify_and_resolve_issues_in_existing_system][Architectural_solutions_growth,_limitations_and_complexities]",[Exploratory],Not mentioned,[source code repository][issues_tracking],-,-,7,-,12,-,-,[code_analysis][machine_learning][statistical_analysis][visualization],[Correlations][metrics][architectural_components]
16,Mo2015HotspotSmells,2015 12th Working IEEE/IFIP Conference on [::Software::] [::Architecture::],WICSA,2015,R. Mo; Y. Cai; R. Kazman; L. Xiao,Hotspot Patterns: The Formal Definition and Automatic Detection of Architecture Smells,10.1109/WICSA.2015.12,https://ieeexplore.ieee.org/stamp/stamp.jsp?arnumber=7158503,Yes,Yes,No,[Identify_and_resolve_issues_in_existing_system],[Evaluate_approach],Not mentioned,[source code repository][issues_tracking],-,1,9,21998,99159,,-,[code_analysis][model_analysis],[architectural_quality_issues]
17,Santos2016BUDGET:Research,2016 13th Working IEEE/IFIP Conference on [::Software::] [::Architecture::] (WICSA),WICSA,2016,J. C. S. Santos; M. Mirakhorli; I. Mujhid; W. Zogaan,BUDGET: A Tool for Supporting Software Architecture Traceability Research,10.1109/WICSA.2016.47,https://ieeexplore.ieee.org/stamp/stamp.jsp?arnumber=7516852,Yes,Yes,Yes,[Achieve_quality_attributes][Save_manual_efforts][Capture_architectural_knowledge],[Evaluate_approach],[architectural_analysis],[source code repository][Web],-,-,-,-,-,>19000K,-,[information retrieval],[architectural_solutions]
18,Kapto2016,ECSA,ECSA,2016,Christel KaptoGhizlane El BoussaidiSègla KpodjedoChouki Tibermacine,Inferring Architectural Evolution from Source Code Analysis,10.1007/978-3-319-48992-6_11,http://link.springer.com/chapter/10.1007/978-3-319-48992-6_11,Yes,Yes,No,"[Architectural_solutions_growth,_limitations_and_complexities][Support_architectural_program_comprehension]",[Evaluate_approach],[architectural_analysis][architectural_synthesis],[source code repository][architecture_design_documentation],-,-,1,-,37,-,-,[model_analysis],[architectural_solutions]
19,Langhammer2016,2016 13th Working IEEE/IFIP Conference on [::Software::] [::Architecture::] (WICSA),WICSA,2016,M. Langhammer; A. Shahbazian; N. Medvidovic; R. H. Reussner,Automated Extraction of Rich Software Models from Limited System Information,10.1109/WICSA.2016.35,https://ieeexplore.ieee.org/stamp/stamp.jsp?arnumber=7516816,Yes,Yes,No,[Support_architectural_program_comprehension][Identify_and_resolve_issues_in_existing_system],[Evaluate_approach],[architectural_analysis][architectural_evaluation],[source code repository],-,-,14,-,-,-,-,[code_analysis],[architectural_components]
20,Wicsa2016,2016 13th Working IEEE/IFIP Conference on [::Software::] [::Architecture::] (WICSA),WICSA,2016,M. Soliman; M. Galster; A. R. Salama; M. Riebisch,Architectural Knowledge for Technology Decisions in Developer Communities: An Exploratory Study with StackOverflow,10.1109/WICSA.2016.13,https://ieeexplore.ieee.org/stamp/stamp.jsp?arnumber=7516820,Yes,Yes,No,"[Architectural_solutions_growth,_limitations_and_complexities][Identify_and_resolve_issues_in_existing_system][Achieve_quality_attributes]",[Evaluate_approach],[architectural_analysis],[stackOverflow][Technology_documentation],-,-,-,-,-,-,2561,[qualitative_analysis][practitioners_feedback],[architectural_solutions]
21,Harrison2016SoftwareSystems,2016 13th Working IEEE/IFIP Conference on [::Software::] [::Architecture::] (WICSA),WICSA,2016,N. B. Harrison; E. Gubler; D. Skinner,Software Architecture Pattern Morphology in Open-Source Systems,10.1109/WICSA.2016.8,https://ieeexplore.ieee.org/stamp/stamp.jsp?arnumber=7516815,Yes,Yes,No,"[Support_architectural_program_comprehension][Architectural_solutions_growth,_limitations_and_complexities]",[Evaluate_approach],[architectural_analysis],[architecture_design_documentation][Web],-,-,-,-,-,>1000000,45 architectural descriptions (documentation),[qualitative_analysis],[architectural_solutions]
22,Le2016RelatingSystems,2016 13th Working IEEE/IFIP Conference on [::Software::] [::Architecture::] (WICSA),WICSA,2016,D. M. Le; C. Carrillo; R. Capilla; N. Medvidovic,Relating Architectural Decay and Sustainability of Software Systems,10.1109/WICSA.2016.15,https://ieeexplore.ieee.org/stamp/stamp.jsp?arnumber=7516827,Yes,Yes,No,"[Architectural_solutions_growth,_limitations_and_complexities][Identify_and_resolve_issues_in_existing_system][Achieve_quality_attributes]",[Evaluate_approach],[architectural_analysis][ahitectural_synthesis],[issues_tracking],-,-,9,-,84,-,-,[qualitative_analysis],[Correlations][architectural_quality_issues]
23,Feng2016TowardsAnalysis,2016 13th Working IEEE/IFIP Conference on [::Software::] [::Architecture::] (WICSA),WICSA,2016,Q. Feng; R. Kazman; Y. Cai; R. Mo; L. Xiao,Towards an Architecture-Centric Approach to Security Analysis,10.1109/WICSA.2016.41,https://ieeexplore.ieee.org/stamp/stamp.jsp?arnumber=7516832,Yes,Yes,No,"[Achieve_quality_attributes][Architectural_solutions_growth,_limitations_and_complexities][Identify_and_resolve_issues_in_existing_system]",[Exploratory],[architectural_analysis],[source code repository][issues_tracking],-,-,10,30306,172488,376MSLOC,-,[machine_learning][NLP][code_analysis][model_analysis][statistical_analysis],[Correlations][architectural_quality_issues]
24,Haupt2017AAPIs,2017 IEEE International Conference on [::Software::] [::Architecture::] (ICSA),ICSA,2017,F. Haupt; F. Leymann; A. Scherer; K. Vukojevic-Haupt,A Framework for the Structural Analysis of REST APIs,10.1109/ICSA.2017.40,https://ieeexplore.ieee.org/stamp/stamp.jsp?arnumber=7930199,Yes,Yes,Yes,"[Architectural_solutions_growth,_limitations_and_complexities][Achieve_quality_attributes][Measure_architecture]",[Evaluate_approach],[architectural_analysis][architectural_evaluation],[API_Specification],286 REST API Specification,-,-,-,-,-,286 API documentation,[model_analysis],[metrics]
25,SolimanICSA2017Primary,2017 IEEE International Conference on [::Software::] [::Architecture::] (ICSA),ICSA,2017,M. Soliman; M. Galster; M. Riebisch,Developing an Ontology for Architecture Knowledge from Developer Communities,10.1109/ICSA.2017.31,https://ieeexplore.ieee.org/stamp/stamp.jsp?arnumber=7930203,Yes,Yes,Yes,[Save_manual_efforts][Capture_architectural_knowledge],[Exploratory],[architectural_synthesis],[stackOverflow],Stack Overflow posts (105 posts),-,-,-,-,-,1653,[qualitative_analysis],[architectural_decisions_And_Rationale]
26,Bhat2017AutomaticApproach,ECSA,ECSA,2017,Manoj BhatKlym ShumaievAndreas BiesdorfUwe HohensteinFlorian Matthes,Automatic Extraction of Design Decisions from Issue Management Systems: A Machine Learning Based Approach,10.1007/978-3-319-65831-5_10,http://link.springer.com/chapter/10.1007/978-3-319-65831-5_10,Yes,Yes,No,[Support_software_process][Save_manual_efforts][Identify_and_resolve_issues_in_existing_system][Industrial_financial_costs][Capture_architectural_knowledge][AK is in multiple sources],[Evaluate_approach],Not mentioned,[issues_tracking],-,-,-,-,,-,,[machine_learning][NLP][qualitative_analysis],[architectural_decisions_And_Rationale]
27,Santos2017UnderstandingThunderbird,2017 IEEE International Conference on [::Software::] [::Architecture::] (ICSA),ICSA,2017,J. C. S. Santos; A. Peruma; M. Mirakhorli; M. Galstery; J. V. Vidal; A. Sejfia,"Understanding Software Vulnerabilities Related to Architectural Security Tactics: An Empirical Investigation of Chromium, PHP and Thunderbird",10.1109/ICSA.2017.39,https://ieeexplore.ieee.org/stamp/stamp.jsp?arnumber=7930201,Yes,Yes,No,"[Architectural_solutions_growth,_limitations_and_complexities][Industrial_financial_costs][Identify_and_resolve_issues_in_existing_system]",[Evaluate_approach],[architectural_analysis],[source code repository][issues_tracking],-,-,3,-,96,-,-,[qualitative_analysis],[Correlations][architectural_quality_issues]
28,Nassar2017TraceabilityDefects,2017 IEEE International Conference on [::Software::] [::Architecture::] (ICSA),ICSA,2017,B. Nassar; R. Scandariato,Traceability Metrics as Early Predictors of Software Defects?,10.1109/ICSA.2017.12,https://ieeexplore.ieee.org/stamp/stamp.jsp?arnumber=7930222,Yes,Yes,No,[Support_architectural_program_comprehension][Achieve_quality_attributes],[Exploratory],Not mentioned,[Requirements][TestCases],-,1,-,-,12,-,-,[statistical_analysis],[metrics][Correlations]
29,GortonICSA2017,2017 IEEE International Conference on [::Software::] [::Architecture::] (ICSA),ICSA,2017,I. Gorton; R. Xu; Y. Yang; H. Liu; G. Zheng,Experiments in Curation: Towards Machine-Assisted Construction of Software Architecture Knowledge Bases,10.1109/ICSA.2017.27,https://ieeexplore.ieee.org/stamp/stamp.jsp?arnumber=7930202,Yes,Yes,No,"[Architectural_solutions_growth,_limitations_and_complexities][Save_manual_efforts][contradicting_unclear_knowledge][Capture_architectural_knowledge]",[Evaluate_approach],,[Technology_documentation],-,-,14,-,-,,-,[machine_learning][NLP][qualitative_analysis],[architectural_solutions]
30,Shahbazian2018RecoveringDecisions,2018 IEEE International Conference on [::Software::] [::Architecture::] (ICSA),ICSA,2018,A. Shahbazian; Y. Kyu Lee; D. Le; Y. Brun; N. Medvidovic,Recovering Architectural Design Decisions,10.1109/ICSA.2018.00019,https://ieeexplore.ieee.org/stamp/stamp.jsp?arnumber=8417122,Yes,Yes,Yes,[Support_architectural_program_comprehension][Identify_and_resolve_issues_in_existing_system][dearth_of_ground_truth][Limitations_in_existing_tools],[Evaluate_approach],[architectural_analysis],[source code repository][issues_tracking],-,-,2,4320,104,-,-,[code_analysis][model_analysis],[architectural_decisions_And_Rationale][architectural_components]
31,Soliman2018ImprovingCommunities,2018 IEEE International Conference on [::Software::] [::Architecture::] (ICSA),ICSA,2018,M. Soliman; A. Rekaby Salama; M. Galster; O. Zimmermann; M. Riebisch,Improving the Search for Architecture Knowledge in Online Developer Communities,10.1109/ICSA.2018.00028,https://ieeexplore.ieee.org/stamp/stamp.jsp?arnumber=8417152,Yes,Yes,Yes,"[Architectural_solutions_growth,_limitations_and_complexities][Capture_architectural_knowledge][Limitations_in_existing_tools]",[Evaluate_approach],[architectural_synthesis],[stackOverflow],"Stack Overflow posts (2511 posts manually clasified, 10213 posts corpus for experiment)",-,-,-,-,-,10213,[machine_learning][information retrieval],[architectural_decisions_And_Rationale]
32,Le2018AnSoftware,2018 IEEE International Conference on [::Software::] [::Architecture::] (ICSA),ICSA,2018,D. M. Le; D. Link; A. Shahbazian; N. Medvidovic,An Empirical Study of Architectural Decay in Open-Source Software,10.1109/ICSA.2018.00027,https://ieeexplore.ieee.org/stamp/stamp.jsp?arnumber=8417151,Yes,Yes,Yes,[Achieve_quality_attributes][Identify_and_resolve_issues_in_existing_system],[Exploratory],[architectural_analysis],[source code repository][issues_tracking],-,-,8,41889,421,-,-,[code_analysis][model_analysis],[architectural_quality_issues]
33,Bhat2018AnDecision,2018 IEEE International Conference on [::Software::] [::Architecture::] (ICSA),ICSA,2018,M. Bhat; K. Shumaiev; K. Koch; U. Hohenstein; A. Biesdorf; F. Matthes,An Expert Recommendation System for Design Decision Making: Who Should be Involved in Making a Design Decision?,10.1109/ICSA.2018.00018,https://ieeexplore.ieee.org/stamp/stamp.jsp?arnumber=8417121,Yes,Yes,No,[Support_software_process][team_distribution][Industrial_financial_costs][Capture_architectural_knowledge],[Evaluate_approach],[architectural_analysis],[issues_tracking],-,2,2,2386,-,,-,[information retrieval][machine_learning],[architectural_decisions_And_Rationale]
34,8595204Primary,2018 IEEE/ACM 15th International Conference on [::Mining::] [::Software::] [::Repositories::] (MSR),MSR,2018,A. Shahbazian; D. Nam; N. Medvidovic,Toward Predicting Architectural Significance of Implementation Issues,,https://ieeexplore.ieee.org/stamp/stamp.jsp?arnumber=8595204,Yes,Yes,No,"[Architectural_solutions_growth,_limitations_and_complexities][Identify_and_resolve_issues_in_existing_system][Achieve_quality_attributes]",[Evaluate_approach],[architectural_analysis][architectural_evaluation],[source code repository][issues_tracking],-,-,5,21062,301,947000,-,[code_analysis][model_analysis][NLP][machine_learning],[architectural_components][architectural_decisions_And_Rationale]
35,Galster2019WhatPerspective,ECSA,ECSA,2019,Matthias GalsterFabian GilsonFrançois Georis,What Quality Attributes Can We Find in Product Backlogs? A Machine Learning Perspective,10.1007/978-3-030-29983-5_6,http://link.springer.com/chapter/10.1007/978-3-030-29983-5_6,Yes,Yes,Yes,[Support_software_process][Achieve_quality_attributes][Save_manual_efforts][Capture_architectural_knowledge],[Evaluate_approach],[architectural_analysis],[Requirements],-,-,-,-,-,43026,1775 stories/backlog,[machine_learning][NLP],[quality_requirements]
36,Raghuraman2019DoesInvestigation,2019 IEEE/ACM 16th International Conference on [::Mining::] [::Software::] [::Repositories::] (MSR),MSR,2019,A. Raghuraman; T. Ho-Quang; M. R. V. Chaudron; A. Serebrenik; B. Vasilescu,Does UML Modeling Associate with Lower Defect Proneness?: A Preliminary Empirical Investigation,10.1109/MSR.2019.00024,https://ieeexplore.ieee.org/stamp/stamp.jsp?arnumber=8816762,Yes,No,Yes,[Achieve_quality_attributes][Identify_and_resolve_issues_in_existing_system],[Exploratory],[architectural_synthesis],[source code repository][issues_tracking],-,-,143,78562,-,-,-,[statistical_analysis],[Correlations]
37,Bandeira2019WeStackoverflow,2019 IEEE/ACM 16th International Conference on [::Mining::] [::Software::] [::Repositories::] (MSR),MSR,2019,A. Bandeira; C. A. Medeiros; M. Paixao; P. H. Maia,We Need to Talk About Microservices: an Analysis from the Discussions on StackOverflow,10.1109/MSR.2019.00051,https://ieeexplore.ieee.org/stamp/stamp.jsp?arnumber=8816756,Yes,Yes,No,"[Architectural_solutions_growth,_limitations_and_complexities][Capture_architectural_knowledge]",[Exploratory],Not mentioned,[stackOverflow],-,-,-,-,-,-,1043,[qualitative_analysis][machine_learning][nlp],[architectural_solutions]
38,Tian2019HowOverflow,2019 IEEE International Conference on [::Software::] [::Architecture::] (ICSA),ICSA,2019,F. Tian; P. Liang; M. A. Babar,How Developers Discuss Architecture Smells? An Exploratory Study on Stack Overflow,10.1109/ICSA.2019.00018,https://ieeexplore.ieee.org/stamp/stamp.jsp?arnumber=8703915,Yes,Yes,No,[Identify_and_resolve_issues_in_existing_system],[Exploratory],Not mentioned,[stackOverflow],-,-,-,-,-,-,5950,[qualitative_analysis],[architectural_quality_issues]
39,Verdecchia2019GuidelinesStudy,2019 IEEE International Conference on [::Software::] [::Architecture::] (ICSA),ICSA,2019,R. Verdecchia; I. Malavolta; P. Lago,Guidelines for Architecting Android Apps: A Mixed-Method Empirical Study,10.1109/ICSA.2019.00023,https://ieeexplore.ieee.org/stamp/stamp.jsp?arnumber=8703927,Yes,Yes,No,[Capture_architectural_knowledge][Support_architectural_program_comprehension][Achieve_quality_attributes],[Exploratory],[architectural_analysis],[Web],-,-,-,-,-,17150479,5 interviews/gray and white literature,[practitioners_feedback],[architectural_decisions_And_Rationale]
40,Gonzalez2019ArchitecturalVulnerabilities,2019 IEEE International Conference on [::Software::] [::Architecture::] (ICSA),ICSA,2019,D. Gonzalez; F. Alhenaki; M. Mirakhorli,Architectural Security Weaknesses in Industrial Control Systems (ICS) an Empirical Study Based on Disclosed Software Vulnerabilities,10.1109/ICSA.2019.00012,https://ieeexplore.ieee.org/stamp/stamp.jsp?arnumber=8703918,Yes,Yes,No,[Identify_and_resolve_issues_in_existing_system][Achieve_quality_attributes],[Evaluate_approach],[architectural_analysis],[vulnerabilities_reports],-,-,-,988 security advisories,-,-,-,[NLP][qualitative_analysis][statistical_analysis],[architectural_components][architectural_quality_issues][architectural_solutions]
41,Ahmad2019ImpactStudy,2019 IEEE/ACM 16th International Conference on [::Mining::] [::Software::] [::Repositories::] (MSR),MSR,2019,M. Ahmad; M. Ã“. CinnÃ©ide,Impact of Stack Overflow Code Snippets on Software Cohesion: A Preliminary Study,10.1109/MSR.2019.00050,https://ieeexplore.ieee.org/stamp/stamp.jsp?arnumber=8816758,Yes,Yes,No,[Tools_used_Developers][Achieve_quality_attributes][Identify_and_resolve_issues_in_existing_system],[Evaluate_approach],[architectural_evaluation],[stackOverflow],-,-,-,-,-,401717,378 out of 6111157,[code_analysis][statistical_analysis],[metrics]
42,Sejfia2020StrategiesVulnerabilities,2020 IEEE International Conference on [::Software::] [::Architecture::] (ICSA),ICSA,2020,A. Sejfia; N. MedvidoviÄ‡,Strategies for Pattern-Based Detection of Architecturally-Relevant Software Vulnerabilities,10.1109/ICSA47634.2020.00017,https://ieeexplore.ieee.org/stamp/stamp.jsp?arnumber=9101224,Yes,Yes,Yes,[Identify_and_resolve_issues_in_existing_system][Industrial_financial_costs],[Evaluate_approach][Exploratory],[architectural_analysis],[vulnerabilities_reports][source code repository],-,-,1,-,10,1106886,-,[code_analysis][machine_learning][model_analysis],[architectural_quality_issues]
43,Svensson2020DefiningAPIs,ECSA,ECSA,2020,Rasmus SvenssonAdell TatrousFrancis Palma,Defining Design Patterns for IoT APIs,10.1007/978-3-030-59155-7_32,http://link.springer.com/chapter/10.1007/978-3-030-59155-7_32,Yes,Yes,No,"[Achieve_quality_attributes][Architectural_solutions_growth,_limitations_and_complexities][Capture_architectural_knowledge]",[Exploratory],[architectural_synthesis],[API_Specification],-,-,,-,,7247000,,[qualitative_analysis],[architectural_solutions]
44,Wang2020Designdiff:Revisions,2020 IEEE International Conference on [::Software::] [::Architecture::] (ICSA),ICSA,2020,X. Wang; L. Xiao; K. Huang; B. Chen; Y. Zhao; Y. Liu,DesignDiff: Continuously Modeling Software Design Difference from Code Revisions,10.1109/ICSA47634.2020.00025,https://ieeexplore.ieee.org/stamp/stamp.jsp?arnumber=9101195,Yes,Yes,No,[Support_software_process][Identify_and_resolve_issues_in_existing_system][Support_architectural_program_comprehension][Industrial_financial_costs],[Evaluate_approach],Not mentioned,[source code repository],-,-,5,-,14832,-,-,[code_analysis][visualization],[architectural_components]
45,Zhang2020AutomatedMetrics,2020 IEEE International Conference on [::Software::] [::Architecture::] (ICSA),ICSA,2020,Y. Zhang; B. Liu; L. Dai; K. Chen; X. Cao,Automated Microservice Identification in Legacy Systems with Functional and Non-Functional Metrics,10.1109/ICSA47634.2020.00021,https://ieeexplore.ieee.org/stamp/stamp.jsp?arnumber=9101217,Yes,Yes,No,[Industrial_financial_costs][Support_software_process][Limitations_in_existing_tools][Support_architectural_program_comprehension],[Evaluate_approach],[architectural_synthesis],[system_logs],-,-,2,-,-,-,-,[model_analysis][machine_learning],[architectural_components]
46,Zhao2020ButterflyIssuesPrimary,2020 IEEE International Conference on [::Software::] [::Architecture::] (ICSA),ICSA,2020,Y. Zhao; L. Xiao; X. Wang; Z. Chen; B. Chen; Y. Liu,Butterfly Space: An Architectural Approach for Investigating Performance Issues,10.1109/ICSA47634.2020.00027,https://ieeexplore.ieee.org/stamp/stamp.jsp?arnumber=9101223,Yes,Yes,No,[Identify_and_resolve_issues_in_existing_system][Achieve_quality_attributes],[Evaluate_approach],[architectural_analysis][architectural_evaluation],[source code repository][issues_tracking][runtime_performance],-,-,3,7528,-,-,-,[code_analysis][qualitative_analysis][model_analysis],[architectural_quality_issues]
47,Malavolta2021MiningEvaluation,2021 IEEE/ACM 18th International Conference on [::Mining::] [::Software::] [::Repositories::] (MSR),MSR,2021,I. Malavolta; K. Chinnappan; S. Swanborn; G. A. Lewis; P. Lago,Mining the ROS ecosystem for Green Architectural Tactics in Robotics and an Empirical Evaluation,10.1109/MSR52588.2021.00042,https://ieeexplore.ieee.org/stamp/stamp.jsp?arnumber=9463098,Yes,Yes,Yes,[Achieve_quality_attributes][Capture_architectural_knowledge],[Exploratory],[architectural_synthesis],[source code repository][stackOverflow][Pullrequests][issues_tracking][architecture_design_documentation],-,-,-,53310,218385,-,1880 + 43672 (ROS Answers discussion) + 2604 (ROS Discourse discussion),[information retrieval][qualitative_analysis],[architectural_solutions]
48,Ntentos2021Semi-automaticPractices,2021 IEEE 18th International Conference on [::Software::] [::Architecture::] (ICSA),ICSA,2021,E. Ntentos; U. Zdun; K. Plakidas; S. Geiger,Semi-automatic Feedback for Improving Architecture Conformance to Microservice Patterns and Practices,10.1109/ICSA51549.2021.00012,https://ieeexplore.ieee.org/stamp/stamp.jsp?arnumber=9426761,Yes,Yes,Yes,"[Identify_and_resolve_issues_in_existing_system][Architectural_solutions_growth,_limitations_and_complexities][Save_manual_efforts]",[Evaluate_approach],[architectural_analysis],[architectural_models],Architectural models (27 models from 10 systems),-,9,-, -,-,27 models,[model_analysis],[architectural_quality_issues]
49,Uchoa2021PredictingStudy,2021 IEEE/ACM 18th International Conference on [::Mining::] [::Software::] [::Repositories::] (MSR),MSR,2021,A. UchÃ´a; C. Barbosa; D. Coutinho; W. Oizumi; W. K. G. AssunÃ§Ã£o; S. R. Vergilio; J. A. Pereira; A. Oliveira; A. Garcia,Predicting Design Impactful Changes in Modern Code Review: A Large-Scale Empirical Study,10.1109/MSR52588.2021.00059,https://ieeexplore.ieee.org/stamp/stamp.jsp?arnumber=9463137,Yes,Yes,No,[Identify_and_resolve_issues_in_existing_system],[Evaluate_approach],Not mentioned,[source code repository][code_review_platform],-,7,-,-,-,-,>50k Code Reviews,[code_analysis][machine_learning],[architectural_components]
50,Chaniotaki2021ArchitectureExploration,2021 IEEE/ACM 18th International Conference on [::Mining::] [::Software::] [::Repositories::] (MSR),MSR,2021,A. -M. Chaniotaki; T. Sharma,Architecture Smells and Pareto Principle: A Preliminary Empirical Exploration,10.1109/MSR52588.2021.00031,https://ieeexplore.ieee.org/stamp/stamp.jsp?arnumber=9463110,Yes,Yes,No,[Identify_and_resolve_issues_in_existing_system][Industrial_financial_costs],[Exploratory],Not mentioned,[source code repository],-,-,-,-,-,-,-,[code_analysis][statistical_analysis],[architectural_quality_issues]
51,Soliman2021ExploringKnowledge,2021 IEEE 18th International Conference on [::Software::] [::Architecture::] (ICSA),ICSA,2021,M. Soliman; M. Wiese; Y. Li; M. Riebisch; P. Avgeriou,Exploring Web Search Engines to Find Architectural Knowledge,10.1109/ICSA51549.2021.00023,https://ieeexplore.ieee.org/stamp/stamp.jsp?arnumber=9426740,Yes,Yes,No,[AK is in multiple sources][Save_manual_efforts][Tools_used_Developers][Capture_architectural_knowledge],[Exploratory],[architectural_synthesis],[Web],-,-,-,-,-,-,2522 web pages/53 software engineers,[machine_learning][information retrieval],[architectural_decisions_And_Rationale]
52,Le2021ArchitecturalChange-Proneness,2021 IEEE 18th International Conference on [::Software::] [::Architecture::] (ICSA),ICSA,2021,D. M. Le; S. Karthik; M. S. Laser; N. Medvidovic,Architectural Decay as Predictor of Issue- and Change-Proneness,10.1109/ICSA51549.2021.00017,https://ieeexplore.ieee.org/stamp/stamp.jsp?arnumber=9426752,Yes,Yes,No,[Identify_and_resolve_issues_in_existing_system][Achieve_quality_attributes][Industrial_financial_costs],[Evaluate_approach],[architectural_analysis][architectural_evaluation],[source code repository][issues_tracking],-,-,10,47852,466,-,-,[model_analysis][machine_learning],[Correlations][architectural_quality_issues]
53,Garcia2021ConstructingMaintenance,2021 IEEE 18th International Conference on [::Software::] [::Architecture::] (ICSA),ICSA,2021,J. Garcia; M. Mirakhorli; L. Xiao; Y. Zhao; I. Mujhid; K. Pham; A. Okutan; S. Malek; R. Kazman; Y. Cai; N. MedvidoviÄ‡,Constructing a Shared Infrastructure for Software Architecture Analysis and Maintenance,10.1109/ICSA51549.2021.00022,https://ieeexplore.ieee.org/stamp/stamp.jsp?arnumber=9426737,Yes,Yes,No,[Tools_used_Developers][Save_manual_efforts][Industrial_financial_costs],[Evaluate_approach],[architectural_analysis],[runtime_performance],-,-,1,-,-,-,-,[multiple],[list_of_existing_tools_techniques]
54,Mo2019ArchitecturePrinciples,"IEEE Transactions on Software Engineering ( Volume: 47 , Issue: 5, May 1 2021)",TSE,2019,R. Mo; Y. Cai; R. Kazman; L. Xiao; Q. Feng,Architecture Anti-patterns: Automatically Detectable Violations of Design Principles,10.1109/TSE.2019.2910856,https://ieeexplore-ieee-org.proxy-ub.rug.nl/document/8691586,Yes,Yes,No,[Industrial_financial_costs][Identify_and_resolve_issues_in_existing_systems] ,[Evaluate_approach],[architectural_analysis],[source code repository][issues_tracking],-,4,15,-,169748,9.6M,-,[qualitative_analysis],[architectural_quality_issues]
55,Sharma2020EmpiricalSmells,"Empirical Software Engineering 25, 4020-4068 (2020)",ESEM,2020,T. Sharma; P. Singh; D. Spinellis,An Empirical Investigation on the Relationship between Design and Architecture Smells,10.1007/s10664-020-09847-2,https://dl-acm-org.proxy-ub.rug.nl/doi/abs/10.1007/s10664-020-09847-2,Yes,Yes,Yes,[Identify_and_resolve_issues_in_existing_system][Achieve_quality_attributes],[Exploratory],[architectural_analysis],[source code repository],-,0,3073,-,3073,118M,-,[statistical_analysis],[Correlations][causality]
56,Fontana2019ArchitecturalStudy,"Journal of Systems and Software (Volume 154, August 2019, Pages 139-156)",JSS,2019,F. A. Fontana; V. Lenarduzzi; R. Roveda; D. Taibi,Are Architectural Smells Independent from Code Smells? An Empirical Study,10.1016/j.jss.2019.04.066,https://www-sciencedirect-com.proxy-ub.rug.nl/science/article/pii/S0164121219301013?via%3Dihub,Yes,Yes,Yes,[Achieve_quality_attributes][Identify_and_resolve_issues_in_existing_system],[Exploratory],[architectural_analysis],[source code repository],-,0,111,-,111,18M,-,[code_analysis],[Correlations]
57,Malavolta2020ArchitectSystems,2020 IEEE/ACM 42nd International Conference on Software Engineering: Software Engineering ,ICSE,2020,I. Malavolta; G. Lewis; B. Schmerl; P. Lago; D. Garlan,How do you Architect your Robots? State of the Practice and Guidelines for ROS-based Systems,10.1145/3377813.3381358,https://ieeexplore-ieee-org.proxy-ub.rug.nl/document/9276566/authors,Yes,Yes,Yes,"[Capture_architectural_knowledge][Architectural_solutions_growth,_limitations_and_complexities]",[Exploratory],[architectural_analysis],[architecture_design_documentation][source code repository],-,0,115,20368,208078,-,-,[qualitative_analysis],[architectural_solutions]
58,Behnamghader2016LargeSystems,"Empirical Software Engineering 22, 1146-1193 (2017)",ESEM,2016,P. Behnamghader; D. M. Le; J. Garcia; D. Link; A. Shahbazian; N. Medvidovic,A large-scale study of architectural evolution in open-source software systems,10.1007/s10664-016-9466-0,https://link-springer-com.proxy-ub.rug.nl/article/10.1007/s10664-016-9466-0,Yes,Yes,Yes,"[Architectural_solutions_growth,_limitations_and_complexities][dearth_of_ground_truth][Support_architectural_program_comprehension][Achieve_quality_attributes]",[Evaluate_approach],[architectural_analysis][architectural_evaluation],[source code repository],-,0,23,-,931,140.1M,-,[model_analysis][machine_learning],[metrics]
59,Xiao2016IdentifyingDebt,2016 IEEE/ACM 38th International Conference on Software Engineering (ICSE),ICSE,2016,L. Xiao; Y. Cai; R. Kazman; R. Mo; Q. Feng,Identifying and Quantifying Architectural Debt,10.1145/2884781.2884825,https://ieeexplore-ieee-org.proxy-ub.rug.nl/document/7886928/authors#authors,Yes,Yes,No,[Industrial_financial_costs][Identify_and_resolve_issues_in_existing_system],[Evaluate_approach],[architectural_analysis],[source code repository][issues_tracking],-,0,7,28512,63458,-,-,[model_analysis],[architectural_components]
60,Kazman2015CaseDebt,2015 IEEE/ACM 37th IEEE International Conference on Software Engineering,ICSE,2015,R. Kazman; Y. Cai; R. Mo; Q. Feng; L. Xiao; S. Haziyev; V. Fedak; A. Shapochka,A Case Study in Locating the Architectural Roots of Technical Debt,10.1109/ICSE.2015.146,https://ieeexplore-ieee-org.proxy-ub.rug.nl/document/7202962/authors#authors,Yes,Yes,Yes,[Industrial_financial_costs][Identify_and_resolve_issues_in_existing_system],[Evaluate_approach],[architectural_analysis],[source code repository][issues_tracking],-,1,0,2756,3262,-,-,[model_analysis],[architectural_components]
61,Mo2016DecouplingComplexity,2016 IEEE/ACM 38th International Conference on Software Engineering (ICSE),ICSE,2016,R. Mo; Y. Cai; R. Kazman; L. Xiao; Q. Feng,Decoupling Level: A New Metric for Architectural Maintenance Complexity,10.1145/2884781.2884825,https://ieeexplore-ieee-org.proxy-ub.rug.nl/document/7886929/authors#authors,Yes,Yes,No,[Achieve_quality_attributes][Measure_architecture],[Evaluate_approach],[architectural_evaluation],[source code repository][issues_tracking],-,21,108,-,129,-,-,[model_analysis][statistical_analysis],[metrics][Correlations]
62,Xiao2014DesignInsight,ICSE 2014: Proceedings of the 36th International Conference on Software Engineering,ICSE,2014,L. Xiao; Y. Cai; R. Kazman,Design Rule Spaces: A New Form of Architecture Insight,10.1145/2568225.2568241,https://dl-acm-org.proxy-ub.rug.nl/doi/10.1145/2568225.2568241,Yes,Yes,No,[Support_architectural_program_comprehension][Identify_and_resolve_issues_in_existing_system],[Evaluate_approach],[architectural_analysis],[source code repository][Issues_tracking],-,0,3,4498,36,-,-,[model_analysis],[architectural_components]
63,Mondal2021SemanticReview,ESEM '2021: Proceedings of the 15th ACM / IEEE International Symposium on Empirical Software Engineering and Measurement (ESEM),ESEM,2021,A. K. Mondal;  C. K. Roy; K. A. Schneider; B. Roy; S. S. Nath,Semantic Slicing of Architectural Change Commits: Towards Semantic Design Review,10.1145/3475716.3484487,https://dl-acm-org.proxy-ub.rug.nl/doi/10.1145/3475716.3484487,Yes,Yes,Yes,[Industrial_financial_costs][Support_architectural_program_comprehension],[Evaluate_approach],[architectural_evaluation],[source code repository],-,0,10,-,2720,-,-,[model_analysis][NLP],[metrics]
64,Malavolta2021MiningSoftware,"Journal of Systems and Software (Volume 178, August 2021, 110969)",JSS,2021,I. Malavolta; G. A. Lewis; B. Schmerl; P. Lago; D. Garlan,Mining guidelines for architecting robots software,10.1016/j.jss.2021.110969,https://www-sciencedirect-com.proxy-ub.rug.nl/science/article/pii/S0164121221000662,Yes,Yes,Yes,"[Capture_architectural_knowledge][Achieve_quality_attributes][Industrial_financial_costs][Architectural_solutions_growth,_limitations_and_complexities]",[Exploratory],[architectural_synthesis],[architecture_design_documentation][source code repository],-,0,115,6992,71430,-,-,[qualitative_analysis],[architectural_decisions_And_Rationale]
65,Paixao2021ImpactChanges,"IEEE Transactions on Software Engineering ( Volume: 47 , Issue: 5, May 1 2021)",TSE,2021,M. Paixao; J. Krinke; D. Han; C. Ragkhitwetsagul,The Impact of Code Review on Architectural Changes,10.1109/TSE.2019.2912113,https://ieeexplore-ieee-org.proxy-ub.rug.nl/document/8697147/authors#authors,Yes,Yes,Yes,[Industrial_financial_costs][Achieve_quality_attributes][Identify_and_resolve_issues_in_existing_system],[Exploratory],[architectural_evaluation],[source code repository][code_review_platform],-,0,7,-,51894,1.93M,-,[qualitative_analysis],[metrics][Correlations]
66,Liu2021StepPatterns,2021 IEEE 32nd International Symposium on Software Reliability Engineering (ISSRE),ISSRE,2021,J. Liu; W. Jin; Q. Feng; X. Zhang; Y. Dai,One Step Further: Investigating Problematic Files of Architecture Anti-patterns,10.1109/ISSRE52982.2021.00060,https://ieeexplore-ieee-org.proxy-ub.rug.nl/document/9700216/authors#authors,Yes,Yes,No,[Identify_and_resolve_issues_in_existing_system],[Exploratory],[architectural_analysis],[source code repository][Issues_tracking],-,0,45,-,82567,-,-,[code_analysis],[architectural_quality_issues]
67,Sas2022EvolutionStudy,"Empirical Software Engineering ( Volume: 27, Issue: 4, April 9 2022)",ESEM,2022,D. Sas; P. Avgeriou; U. Uyumaz,On the evolution and impact of Architectural Smells - An industrial case study,10.1007/s10664-022-10132-7,https://link-springer-com.proxy-ub.rug.nl/article/10.1007/s10664-022-10132-7,Yes,Yes,Yes,[Identify_and_resolve_issues_in_existing_system][Achieve_quality_attributes],[Exploratory],[architectural_analysis],[source code repository],-,9,0,-,280,24.8M,-,[code_analysis],[architectural_quality_issues][architectural_components]
68,Cai2019DesignArchitecture,"IEEE Transactions on Software Engineering ( Volume: 45 , Issue: 7, July 1 2019)",TSE,2019,Y. Cai; L. Xiao; R. Kazman; R. Mo; Q. Feng,Design Rule Spaces: A New Model for Representing and Analyzing Software Architecture,10.1109/TSE.2018.2797899,https://ieeexplore-ieee-org.proxy-ub.rug.nl/abstract/document/8268667/authors#authors,Yes,Yes,No,[Support_architectural_program_comprehension],[Evaluate_approach],[architectural_evaluation],[source code repository][Issues_tracking],-,0,15,39116,84911,-,-,[model_analysis],[Correlations]
69,Gnoyke2021EvolutionarySmells,2021 IEEE International Conference on Software Maintenance and Evolution (ICSME),ICSME,2021,P. Gnoyke; S. Schulze; J. Krüger,An Evolutionary Analysis of Software-Architecture Smells,10.1109/ICSME52107.2021.00043,https://ieeexplore-ieee-org.proxy-ub.rug.nl/document/9609226/authors#authors,Yes,Yes,Yes,[Identify_and_resolve_issues_in_existing_system],[Exploratory],[architectural_evaluation],[source code repository],-,0,14,-,485,1.91M,-,[statistical_analysis],[metrics]
70,Goldstein2015AutomaticValidation,2015 IEEE/ACM 37th IEEE International Conference on Software Engineering,ICSE,2015,M. Goldstein; I. Segall,Automatic and Continuous Software Architecture Validation,10.1109/ICSE.2015.135,https://ieeexplore-ieee-org.proxy-ub.rug.nl/document/7202950/authors#authors,Yes,Yes,Yes,[Industrial_financial_costs][identify_and_resolve_issues_in_existing_systems][Support_software_process],[Evaluate_approach],[architectural_analysis],[source code repository],-,0,2,-,4,750K,-,[code_analysis],[architectural_quality_issues]
71,Bouwers2014QuantifyingArchitectures,2014 IEEE International Conference on Software Maintenance and Evolution,ICSME,2014,E. Bouwers; A. v. Deursen; J. Visser,Quantifying the Encapsulation of Implemented Software Architectures,10.1109/ICSME.2014.43,https://ieeexplore-ieee-org.proxy-ub.rug.nl/document/6976087/authors#authors,Yes,Yes,Yes,[Achieve_quality_attributes][Support_architectural_program_comprehension],[Evaluate_approach],[architectural_evaluation],[source code repository],-,0,10,-,,754K,-,[statistical_analysis],[metrics][Correlations]
72,Mo2018ExperiencesSuites,2018 33rd IEEE/ACM International Conference on Automated Software Engineering (ASE),ASE,2018,R. Mo; W. Snipes; Y. Cai; S. Ramaswamy; R. Kazman; M. Naedele,Experiences Applying Automated Architecture Analysis Tool Suites,10.1145/3238147.3240467,https://ieeexplore-ieee-org.proxy-ub.rug.nl/document/9000044,Yes,Yes,No,[Support_architectural_program_comprehension][Identify_and_resolve_issues_in_existing_system],[Evaluate_approach],[architectural_analysis],[source code repository][Issues_tracking],-,8,0,-,52602,-,-,[code_analysis],[metrics][architectural_components]
73,Waseem2021NatureStudy,EASE 2021: Evaluation and Assessment in Software Engineering,EASE,2021,M. Waseem; P. Liang; M. Shahin; A. Ahmad; A. R. Nassab,On the Nature of Issues in Five Open Source Microservices Systems: An Empirical Study,10.1145/3463274.3463337,https://dl-acm-org.proxy-ub.rug.nl/doi/10.1145/3463274.3463337,Yes,Yes,Yes,"[Achieve_quality_attributes][Capture_architectural_knowledge][Architectural_solutions_growth,_limitations_and_complexities]",[Exploratory],[architectural_synthesis],[Issues_tracking],-,0,5,2942,5,-,-,[qualitative_analysis][information retrieval],[architectural_decisions_And_Rationale]
74,Oyetoyan2013StudyComponents,"Journal of Systems and Software (Volume 86, Issue 12, December 2013, Pages 3162-3182)",JSS,2013,T. D. Oyetoyan; D. S. Cruzes; R. Conradi,A study of cyclic dependencies on defect profile of software components,10.1016/j.jss.2013.07.039,https://www-sciencedirect-com.proxy-ub.rug.nl/science/article/pii/S0164121213001878?via%3Dihub,Yes,Yes,Yes,[identify_and_resolve_issues_in_existing_systems],[Exploratory],[architectural_evaluation],[source code repository][Issues_tracking],-,1,5,-,29,2M,-,[model_analysis][statistical_analysis],[metrics]
75,Sas2019InvestigatingStudy,2019 IEEE International Conference on Software Maintenance and Evolution (ICSME),ICSME,2019,D. Sas; P. Avgeriou; F. A. Fontana,Investigating instability architectural smells evolution: an exploratory case study,10.1109/ICSME.2019.00090,https://ieeexplore-ieee-org.proxy-ub.rug.nl/document/8919109/authors#authors,Yes,Yes,Yes,[Industrial_financial_costs][identify_and_resolve_issues_in_existing_systems],[Exploratory],[architectural_analysis],[source code repository],-,0,14,-,524,-,-,[model_analysis],[Correlations][architectural_quality_issues]
76,Cui2019InvestigatingDefects,2019 IEEE/ACM 41st International Conference on Software Engineering (ICSE),ICSE,2019,D. Cui; T. Liu; Y. Cai; Q. Zheng; Q. Feng; W. Jin; J. Guo; Y. Qu,Investigating the Impact of Multiple Dependency Structures on Software Defects,10.1109/ICSE.2019.00069,https://ieeexplore-ieee-org.proxy-ub.rug.nl/document/8812092/authors#authors,Yes,Yes,No,[Support_architectural_program_comprehension][Identify_and_resolve_issues_in_existing_system],[Exploratory],[architectural_analysis],[source code repository][Issues_tracking],-,0,117,101364,643079,-,-,[model_analysis],[metrics][architectural_components]
77,Jin2020ExploringSoftware,2020 35th IEEE/ACM International Conference on Automated Software Engineering (ASE),ASE,2020,W. Jin; Y. Cai; R. Kazman; G. Zhang; Q. Zheng; T. Liu,Exploring the Architectural Impact of Possible Dependencies in Python Software,10.1145/3324884.3416619,https://ieeexplore-ieee-org.proxy-ub.rug.nl/document/9286085/authors#authors,Yes,Yes,No,[Support_architectural_program_comprehension],[Exploratory],[architectural_analysis],[source code repository],-,0,105,123792,614222,-,-,[code_analysis][statistical_analysis],[Correlations]
78,Sousa2020SmellsProjects,ICPC '20: Proceedings of the 28th International Conference on Program Comprehension,ICPC,2020,L. Sousa; W. Oizumi; A. Garcia; A. Oliveira; D. Cedrim; C. Lucena,When Are Smells Indicators of Architectural Refactoring Opportunities? A Study of 50 Software Projects,10.1145/3387904.3389276,https://dl-acm-org.proxy-ub.rug.nl/doi/10.1145/3387904.3389276,Yes,Yes,Yes,[Industrial_financial_costs][identify_and_resolve_issues_in_existing_systems],[Exploratory],[architectural_analysis][architectural_evaluation],[source code repository][Issues_tracking],-,0,50,-,50,-,-,[NLP] ,[metrics]
79,Vidal2019RankingSmells,"Science of Computer Programming (Volume 182, 1 August 2019, Pages 64-85)",SCICO,2019,S. Vidal; W. Oizumi; A. Garcia; A. D. Pace; C. Marcos,Ranking architecturally critical agglomerations of code smells,10.1016/j.scico.2019.07.003,https://www-sciencedirect-com.proxy-ub.rug.nl/science/article/pii/S0167642318303514?via%3Dihub,Yes,Yes,No,[Industrial_financial_costs][identify_and_resolve_issues_in_existing_systems],[Evaluate_approach],[architectural_analysis],[source code repository],-,0,4,-,23,295K,-,[model_analysis],[Correlations]
80,Bi2021MiningOverflow,"Journal of Systems and Software (Volume 180, October 2021, 111005)",JSS,2021,T. Bi; P. Liang; A. Tang; X. Xia,Mining Architecture Tactics and Quality Attributes knowledge in Stack Overflow,10.1016/j.jss.2021.111005,https://www-sciencedirect-com.proxy-ub.rug.nl/science/article/pii/S0164121221001023,Yes,Yes,Yes,[Achieve_quality_attributes][Capture_architectural_knowledge],[Exploratory],[architectural_synthesis][architectural_evaluation],[stackOverflow],-,-,,-,,-,1165,[qualitative_analysis][machine_learning] ,[metrics]
81,Dintzer2017FeverSystems,"Empirical Software Engineering 23, 905-952 (2018)",ESEM,2017,N. Dintzer; A. v. Deursen; M. Pinzger,FEVER: An approach to analyze feature-oriented changes and artefact co-evolution in highly configurable systems,10.1007/s10664-017-9557-6,https://link-springer-com.proxy-ub.rug.nl/article/10.1007/s10664-017-9557-6,Yes,Yes,Yes,[Support_architectural_program_comprehension][Achieve_quality_attributes][Industrial_financial_costs],[Exploratory][Evaluate_approach],[architectural_analysis],[source code repository],-,0,1,-,14082,-,-,[code_analysis],[architectural_components]
82,Wermelinger2011AssessingStudy,"Empirical Software Engineering 16, 623-666 (2011)",ESEM,2011,M. Wermelinger; Y. Yu; A. Lozano; A. Capiluppi,Assessing architectural evolution: a case study,10.1007/s10664-011-9164-x,https://link-springer-com.proxy-ub.rug.nl/article/10.1007/s10664-011-9164-x,Yes,Yes,No,[Achieve_quality_attributes],[Exploratory],[architectural_analysis],[source code repository],-,0,1,-,16,-,-,[model_analysis],[metrics]
83,Jin2021ServiceTraces,"IEEE Transactions on Software Engineering ( Volume: 47 , Issue: 5, May 1 2021)",TSE,2021,W. Jin; T. Liu; Y. Cai; R. Kazman; R. Mo; Q. Zheng,Service Candidate Identification from Monolithic Systems Based on Execution Traces,10.1109/TSE.2019.2910531,https://ieeexplore-ieee-org.proxy-ub.rug.nl/document/8686152/authors#authors,Yes,Yes,No,"[Achieve_quality_attributes][Support_architectural_program_comprehension][Architectural_solutions_growth,_limitations_and_complexities]",[Evaluate_approach],[architectural_evaluation],[source code repository][Execution_traces],-,0,6,-,46784,492K,-,[model_analysis],[architectural_components][metrics]
84,Macia2012CodeSystems,AOSD '12: Proceedings of the 11th annual international conference on Aspect-oriented Software,AOSD,2012,I. Macia; J. Garcia; D. Popescu; A. Garcia; N. Medvidovic; A. v. Staa,Are Automatically-Detected Code Anomalies Relevant to Architectural Modularity? An Exploratory Analysis of Evolving Systems,10.1145/2162049.2162069,https://dl-acm-org.proxy-ub.rug.nl/doi/10.1145/2162049.2162069,Yes,Yes,No,[Identify_and_resolve_issues_in_existing_system],[Exploratory],[architectural_analysis][architectural_evaluation],[source code repository],-,0,5,-,38,35K,-,[code_analysis],[metrics][Correlations]
85,Arcoverde2013PrioritizationSensitiveness,2013 27th Brazilian Symposium on Software Engineering,SBES,2013,R. Arcoverde; E. Guimarães; I. Macía; A. Garcia; Y. Cai,Prioritization of Code Anomalies based on Architecture Sensitiveness,10.1109/SBES.2013.14,https://ieeexplore-ieee-org.proxy-ub.rug.nl/document/6800183/authors#authors,Yes,Yes,Yes,[Identify_and_resolve_issues_in_existing_system],[Evaluate_approach],[architectural_evaluation],[source code repository][Issues_tracking],-,0,4,-,429,-,-,[statistical_analysis][code_analysis],[metrics][Correlations]
86,Sharma2016DesigniteTool,2016 IEEE/ACM 1st International Workshop on Bringing Architectural Design Thinking Into Developers' Daily Activities (BRIDGE),BRIDGE,2016,T. Sharma; P. Mishra; R. Tiwari,Designite - A Software Design Quality Assessment Tool,10.1145/2896935.2896938,https://ieeexplore-ieee-org.proxy-ub.rug.nl/document/7809461/authors#authors,Yes,Yes,Yes,[Identify_and_resolve_issues_in_existing_system],[Evaluate_approach],[architectural_analysis][architectural_evaluation],[source code repository],-,0,3,-,9,1374K,-,[code_analysis],[metrics]
87,Brunet2012EvolutionaryViolations,2012 19th Working Conference on Reverse Engineering,WCRE,2012,J. Brunet; R. A. Bittencourt; D. Serey; J. Figueiredo,On the Evolutionary Nature of Architectural Violations,10.1109/WCRE.2012.35,https://ieeexplore-ieee-org.proxy-ub.rug.nl/stamp/stamp.jsp?arnumber=6385121,Yes,Yes,Yes,[Identify_and_resolve_issues_in_existing_system][Achieve_quality_attributes],[Exploratory],[architectural_analysis],[source code repository][architecture_design_documentation],-,0,4,-,722,1.5M,-,[code_analysis][model_analysis],[architectural_quality_issues]
88,Hassaine2012AdviseEvolution,2012 16th European Conference on Software Maintenance and Reengineering,CSMR,2012,S. Hassaine; Y-G. Guéhéneuc; S. Hamel; G. Antoniol,ADvISE: Architectural Decay in Software Evolution,10.1109/CSMR.2012.34,https://ieeexplore-ieee-org.proxy-ub.rug.nl/document/6178893/authors#authors,Yes,Yes,Yes,[Identify_and_resolve_issues_in_existing_system],[Evaluate_approach],[architectural_evaluation],[source code repository],-,0,3,-,6,-,-,[model_analysis],[metrics]
89,Macia2012RelevanceSystems,2012 16th European Conference on Software Maintenance and Reengineering,CSMR,2012,I. Macia; R. Arcoverde; A. Garcia; C. Chavez; A. v. Staa,On the Relevance of Code Anomalies for Identifying Architecture Degradation Symptoms,10.1109/CSMR.2012.35,https://ieeexplore-ieee-org.proxy-ub.rug.nl/document/6178894/authors#authors,Yes,Yes,No,[Identify_and_resolve_issues_in_existing_system],[Exploratory],[architectural_evaluation],[architecture_design_documentation][source code repository],-,0,6,-,40,290K,-,[model_analysis][statistical_analysis],[metrics]
90,Sangwan2010UseComplexity,"Innovations in Systems and Software Engineering 6, 299-310 (2010)",-,2010,R. S. Sangwan; P. Vercellone-Smith; C. J. Neill,Use a of multidimensional approach to study the evolution of software complexity,10.1007/s11334-010-0133-0,https://link-springer-com.proxy-ub.rug.nl/article/10.1007/s11334-010-0133-0,Yes,Yes,Yes,[Support_architectural_program_comprehension][Achieve_quality_attributes],[Evaluate_approach],[architectural_evaluation],[source code repository],-,0,1,-,21,259K,-,[model_analysis],[metrics][architectural_components]
91,Li2014EmpiricalDebt,QoSA '14: Proceedings of the 10th international ACM Sigsoft conference on Quality of software,QoSA,2014,Z. Li; P. Liang; P. Avgeriou; N. Guelfi; A. Ampatzoglou,An Empirical Investigation of Modularity Metrics for Indicating Architectural Technical Debt,10.1145/2602576.2602581,https://dl-acm-org.proxy-ub.rug.nl/doi/10.1145/2602576.2602581,Yes,Yes,Yes,[Industrial_financial_costs][Achieve_quality_attributes],[Evaluate_approach],[architectural_evaluation],[source code repository],-,0,13,-,1885,-,-,[code_analysis],[metrics][Correlations]
92,D'Ambros2009RelationshipDefects,2009 16th Working Conference on Reverse Engineering,WCRE,2009,M. D'Ambros; M. Lanza; R. Robbes,On the Relationship Between Change Coupling and Software Defects,10.1109/WCRE.2009.19,https://ieeexplore-ieee-org.proxy-ub.rug.nl/document/5328803/authors#authors,Yes,Yes,Yes,[Identify_and_resolve_issues_in_existing_system][Achieve_quality_attributes],[Exploratory],[architectural_evaluation],[source code repository][Issues_tracking],-,0,3,-,3,-,-,[model_analysis],[Correlations][metrics]
93,Sas2022RelationChanges,"Journal of Software: Evolution and Process (Volume 34, Issue 1, January 2022)",JSEP,2022,D. Sas; P. Avgeriou; I. Pigazzini; F. A. Fontana,On the relation between architecture smells and source code changes,10.1002/smr.2398,https://dl-acm-org.proxy-ub.rug.nl/doi/abs/10.1002/smr.2398,Yes,Yes,Yes,[Achieve_quality_attributes][Industrial_financial_costs][Identify_and_resolve_issues_in_existing_system],[Exploratory],[architectural_analysis],[source code repository],-,0,31,-,3932,4.1M,-,[code_analysis][statistical_analysis],[metrics][Correlations]
94,Fontana2019StudyPrediction,2019 45th Euromicro Conference on Software Engineering and Advanced Applications (SEAA),SEAA,2019,F. A. Fontana; P. Avgeriou; I. Pigazzini; R. Roveda,A Study on Architectural Smells Prediction,10.1109/SEAA.2019.00057,https://ieeexplore-ieee-org.proxy-ub.rug.nl/abstract/document/8906714/authors#authors,Yes,Yes,Yes,"[Architectural_solutions_growth,_limitations_and_complexities]",[Exploratory],[architectural_analysis],[source code repository],-,0,4,-,20166,-,-,[machine_learning],[metrics]
95,Machado2018ImprovingVerification,SAC '18: Proceedings of the 33rd Annual ACM Symposium on Applied Computing,SAC,2018,M. Machado; R. Choren,Improving the Detection of Evolutionary Coupling: An Approach Considering Sliding Verification,10.1145/3167132.3167283,https://dl-acm-org.proxy-ub.rug.nl/doi/10.1145/3167132.3167283,Yes,Yes,Yes,[Achieve_quality_attributes][Identify_and_resolve_issues_in_existing_system],[Evaluate_approach],[architectural_analysis][architectural_evaluation],[source code repository],-,1,0,-,5,-,-,[code_analysis],[metrics]
96,Zakurdaeva2020DetectingLearning,SAC '20: Proceedings of the 35th Annual ACM Symposium on Applied Computing,SAC,2020,A. Zakurdaeva; M. Weiss; S. Muegge,Detecting Architectural Integrity Violation Patterns Using Machine Learning,10.1145/3341105.3374008,https://dl-acm-org.proxy-ub.rug.nl/doi/10.1145/3341105.3374008,Yes,Yes,No,[Identify_and_resolve_issues_in_existing_system],[Evaluate_approach],[architectural_analysis],[source code repository],-,0,1,-,19,-,-,[machine_learning],[architectural_quality_issues]
97,Ali2021MiningLearning,"Concurrency and Computation: Practice and Experience (Volume 33, Issue 16)",CPE,2021,M. Ali; H. Mushtaq; M. B. Rasheed; A. Baqir; T. Alquthami,Mining software architecture knowledge: Classifying stack overflow posts using machine learning,10.1002/cpe.6277,https://onlinelibrary-wiley-com.proxy-ub.rug.nl/doi/10.1002/cpe.6277,Yes,Yes,No,[Support_software_process][Capture_architectural_knowledge],[Evaluate_approach],[architectural_analysis][architectural_synthesis][architectural_evaluation],[stackOverflow] ,-,-,,-,-,-,5440,[machine_learning],[metrics]
98,Xiao2020CaseSystems,"Systems Engineering (Volume 23, Issue 3, p. 338-349)",SYS,2020,L. Xiao; M. J. Pennock; J. L. F. P. Cardoso; X. Wang,A case study on modularity violations in cyber-physical systems,10.1002/sys.21530,https://onlinelibrary-wiley-com.proxy-ub.rug.nl/doi/10.1002/sys.21530,Yes,Yes,Yes,[Identify_and_resolve_issues_in_existing_system][Achieve_quality_attributes],[Exploratory],[architectural_analysis],[source code repository],-,0,2,-,39704,237K,-,[machine_learning],[metrics]
99,Shabin2021QualitativeDevops,Journal of Software: Evolution and Process (September 2022),JSEP,2021,M. Shabin; A. R. Nasab; M. A. Babar,A Qualitative Study of Architectural Design Issues in DevOps,10.1002/smr.2379,https://www.researchgate.net/publication/353941792_A_Qualitative_Study_of_Architectural_Design_Issues_in_DevOps,Yes,Yes,No,"[Support_software_process][Architectural_solutions_growth,_limitations_and_complexities]",[Exploratory],[architectural_synthesis],[stackOverflow],-,-,,-,-,-,100,[qualitative_analysis][information retrieval],[architectural_quality_issues][architectural_decisions_And_Rationale]
100,Wang2019AnalyzingMeasurements,"2019 IEEE 19th International Conference on Software Quality, Reliability and Security (QRS)",QRS,2019,T. Wang; B. Li,Analyzing Software Architecture Evolvability Based on Multiple Architectural Attributes Measurements,10.1109/QRS.2019.00037,https://ieeexplore-ieee-org.proxy-ub.rug.nl/document/8854729/authors#authors,Yes,Yes,Yes,[Identify_and_resolve_issues_in_existing_system][Industrial_financial_costs][Achieve_quality_attributes],[Evaluate_approach],[architectural_analysis][architectural_evaluation],[source code repository],-,0,13,-,558,611K,-,[statistical_analysis],[metrics]
101,Mazlami2017ExtractionArchitectures,2017 IEEE International Conference on Web Services (ICWS),ICWS,2017,G. Mazlami; J. Cito; P. Leitner,Extraction of Microservices from Monolithic Software Architectures,10.1109/ICWS.2017.61,https://ieeexplore-ieee-org.proxy-ub.rug.nl/document/8029803/authors#authors,Yes,Yes,No,"[Architectural_solutions_growth,_limitations_and_complexities][Support_architectural_program_comprehension][Industrial_financial_costs]",[Evaluate_approach],[architectural_evaluation],[source code repository],-,0,21,-,75610,560K,-,[code_analysis][machine_learning],[metrics][architectural_solutions]
102,Cui2020EmpiricalCommits,"Internetware'20: 12th Asia-Pacific Symposium on Internetware (November 2020, Pages 11-20)",Internetware,2020,D. Cui; J. Guo; T. Liu; Q. Zheng,An Empirical Study of Architectural Changes in Code Commits,10.1145/3457913.3457924,https://dl-acm-org.proxy-ub.rug.nl/doi/10.1145/3457913.3457924,Yes,Yes,No,[Industrial_financial_costs][Support_architectural_program_comprehension],[Exploratory],[architectural_analysis],[source code repository][Issues_tracking],-,0,16,-,368847,-,-,[code_analysis][statistical_analysis],[Correlations][architectural_components]
103,Sejfia2019PilotLearned,2019 IEEE/ACM 2nd International Workshop on Establishing the Community-Wide Infrastructure for Architecture-Based Software Engineering (ECASE),ECASE,2019,A. Sejfia ,A Pilot Study on Architecture and Vulnerabilities: Lessons Learned,10.1109/ECASE.2019.00015,https://ieeexplore-ieee-org.proxy-ub.rug.nl/document/8815612/authors#authors,Yes,Yes,Yes,[Identify_and_resolve_issues_in_existing_system],[Exploratory],[architectural_evaluation],[source code repository][vulnerabilities_reports],-,0,1,-,155,-,-,[model_analysis][statistical_analysis],[Correlations][metrics]
104,Diaz-Pace2020Sen4Smells,2020 IEEE Congreso Bienal de Argentina (ARGENCON),ARGENCON,2020,J. A. Diaz-Pace; A. Tommasel; I. Pigazzini; F. A. Fontana,Sen4Smells: A Tool for Ranking Sensitive Smells for an Architecture Debt Index,10.1109/ARGENCON49523.2020.9505535,https://ieeexplore-ieee-org.proxy-ub.rug.nl/document/9505535/authors#authors,Yes,Yes,Yes,[Identify_and_resolve_issies_in_existing_system][Support_architectural_program_comprehension],[Evaluate_approach],[architectural_analysis][architectural_evaluation],[source code repository][Issues_tracking],-,0,3,-,26,-,-,[model_analysis],[metrics]
105,Sas2021ExploringSmells,"SN Computer Science 2, Article number: 13 (2021)",SNCS,2021,D. Sas; P. Avgeriou; R. Kruizinga; R. Scheedler,Exploring the Relation between Co-changes and Architectural Smells,10.1007/s42979-020-00407-5,https://link-springer-com.proxy-ub.rug.nl/article/10.1007/s42979-020-00407-5,Yes,Yes,No,[Achieve_quality_attributes][Identify_and_resolve_issues_in_existing_system],[Exploratory],[architectural_analysis],[source code repository],-,0,14,-,,866K,-,[statistical_analysis][model_analysis],[metrics]
106,Sultana2020ExaminingVulnerabilities,Software Engineering (cs.SE),APSEC,2020,K. Z. Sultana; Z. Codabux; B. Williams,Examining the Relationship of Code and Architectural Smells with Software Vulnerabilities,10.48550/arXiv.2010.15978,https://arxiv.org/abs/2010.15978,Yes,Yes,Yes,[Identify_and_resolve_issues_in_existing_system],[Exploratory],[architectural_analysis],[source code repository][vulnerabilities_reports],-,0,3,-,56,12.3M,-,[code_analysis][statistical_analysis],[metrics]
107,Rodriguez2021DerivingRequirements,ICIIA 2021: Informatics and Intelligent Applications pp 297-310,ICIIA,2021,G. Rodriguez; J. A. Díaz-Pace; L. Berdun; S. Misra,Deriving Architectural Responsibilities from Textual Requirements,10.1007/978-3-030-95630-1_21,https://link-springer-com.proxy-ub.rug.nl/chapter/10.1007/978-3-030-95630-1_21,Yes,Yes,No,[Support_software_process][Capture_architectural_knowledge],[Evaluate_approach],[architectural_evaluation],[requirements],-,0,4,-,4,-,-,[NLP][machine_learning],[metrics]
108,Bhat2017Ontology-based,2017 23rd Americas Conference on Information Systems (AMCIS),AMCIS,2017,M. Bhat; K. Shumaiev; A. Biesdorf; U. Hohenstein; M. Hassel; F. Matthes,An Ontology-based Approach for Software Architecture Recommendations ,,https://www.researchgate.net/publication/316649939_An_Ontology-based_Approach_for_Software_Architecture_Recommendations,Yes,Yes,Yes,"[Support_software_process][Architectural_solutions_growth,_limitations_and_complexities]",[Evaluate_approach],[architectural_synthesis],[architecture_design_documentation],-,4,0,-,4,-,-,[NLP],[architectural_decisions_And_Rationale]
109,Gomes2019CharacterizingStudy,VAMOS '19: Proceedings of the 13th International Workshop on Variability Modeling of Software-Intensive Systems,VAMOS,2019,K. Gomes; L. Teixeira; T. Alves; M. Ribeiro; R. Gheyi,Characterizing safe and partially safe evolution scenarios in product lines: An Empirical Study,10.1145/3302333.3302346,https://dl-acm-org.proxy-ub.rug.nl/doi/10.1145/3302333.3302346,Yes,Yes,Yes,[Achieve_quality_attributes][Measure_architecture],[Exploratory],[architectural_analysis],[source code repository],-,0,1,-,2300,-,-,[model_analysis],[architectural_solutions]
110,Minelli2013SoftwareLearned,2013 17th European Conference on Software Maintenance and Reengineering,CSMR,2013,R. Minelli; M. Lanza,Software Analytics for Mobile Applications - Insights & Lessons Learned,10.1109/CSMR.2013.24,https://ieeexplore-ieee-org.proxy-ub.rug.nl/document/6498463/authors#authors,Yes,Yes,Yes,"[Support_architectural_program_comprehension][Architecural_solutions_growth,_limitations_and_complexities][Identify_and_resolve_issues_in_existing_system]",[Exploratory],[architectural_evaluation],[source code repository],-,0,20,-,7560,111.7K,-,[code_analysis][statistical_analysis],[Metrics][Correlations]
111,Wang2022IncrementalChanges,"Frontiers of Information Technology & Electronic Engineering 23, 664-677 (2022)",FITEE,2022,L. Wang; X. Kong; J. Wang; B. Li,An incremental software architecture recovery technique driven by code changes,10.1631/FITEE.2100461,https://link-springer-com.proxy-ub.rug.nl/article/10.1631/FITEE.2100461,Yes,Yes,Yes,[dearth_of_ground_truth][Industrial_financial_costs][Support_architectural_program_comprehension],[Evaluate_approach],[architectural_evaluation],[source code repository],-,0,10,-,50,514K,-,[code_analysis][statistical_analysis],[Metrics] 
112,Barbosa2020RevealingRequests,SBES '20: Proceedings of the 34th Brazilian Symposium on Software Engineering,SBES,2020,C. Barbosa; A. Uchôa; D. Coutinho; F. Falcào; H. Brito; G. Amaral; V. Soares; A. Garcia; B. Fonseca; M. Ribeiro; L. Sousa,Revealing the Social Aspects of Design Decay: A Retrospective Study of Pull Requests,10.1145/3422392.3422443,https://dl-acm-org.proxy-ub.rug.nl/doi/10.1145/3422392.3422443,Yes,Yes,Yes,[Identify_and_resolve_issues_in_existing_system][Social_aspects],[Exploratory],[architectural_evaluation],[source code repository][pull_requests],-,0,5,-,37110,1.79M,-,[statistical_analysis],[Metrics]
113,McNair2007VisualizingEvolution,14th Working Conference on Reverse Engineering (WCRE 2007),WCRE,2007,A. McNair; D. M. German; J. Weber-Jahnke,Visualizing Software Architecture Evolution using Change-sets,10.1109/WCRE.2007.52,https://ieeexplore-ieee-org.proxy-ub.rug.nl/document/4400159/authors#authors,Yes,Yes,Yes,[Support_architectural_program_comprehension][Support_different_roles],[Evaluate_approach],[architectural_synthesis],[source code repository],-,0,2,-,6344,-,-,[code_analysis],[architectural_components]
114,Jansen2008DocumentingDecisions,"Journal of Systems and Software ( Volume: 81, Issue: 4, April 2008)",JSS,2008,A. Jansen; J. Bosch; P. Avgeriou,Documenting after the fact: Recovering architectural design decisions,10.1016/j.jss.2007.08.025,https://www-sciencedirect-com.proxy-ub.rug.nl/science/article/pii/S016412120700194X?via%3Dihub,Yes,Yes,Yes,[Capture_architectural_knowledge][Industrial_financial_costs],[Evaluate_approach],[architectural_analysis][architectural_synthesis][architectural_evaluation],[source code repository],-,0,1,-,2,-,-,[model_analysis],[architectural_decisions_And_Rationale]
115,Roeller2006RecoveringAssumptions,"Journal of Systems and Software ( Volume: 79 , Issue: 4, April 2006)",JSS,2006,R. Roeller; P. Lago; H. van Vliet,Recovering architectural assumptions,10.1016/j.jss.2005.10.017,https://www-sciencedirect-com.proxy-ub.rug.nl/science/article/pii/S0164121205001615?via%3Dihub,Yes,Yes,Yes,[Industrial_financial_costs][Capture_architectural_knowledge][Achieve_quality_attributes],[Evaluate_approach],[architectural_analysis],[architecture_design_documentation][source code repository],-,1,0,-,1898,-,-,[statistical_analysis][qualitative_analysis][code_analysis],[Metrics][Correlations][architectural_components]
116,Ryoo2015ArchitecturalSecurity,"IEEE Security & Privacy ( Volume: 13 , Issue: 6, Nov.-Dec. 2015)",MSP,2015,J. Ryoo; R. Kazman; P. Anand,Architectural Analysis for Security,10.1109/MSP.2015.126,https://ieeexplore-ieee-org.proxy-ub.rug.nl/document/7349074/authors#authors,Yes,Yes,Yes,[Achieve_quality_attributes][Identify_and_resolve_issues_in_existing_system],[Evaluate_approach],[architectural_analysis],[source code repository][Security_Test_History][Incedent_report],-,0,1,-,2,-,-,[code_analysis],[architectural_quality_issues]
117,Schwanke2013MeasuringAnalysis,2013 35th International Conference on Software Engineering (ICSE),ICSE,2013,R. Schwanke; L. Xiao; Y. Cai,Measuring Architecture Quality by Structure Plus History Analysis,10.5555/2486788.2486910,https://ieeexplore-ieee-org.proxy-ub.rug.nl/document/6606638/authors#authors,Yes,Yes,No,[Identify_and_resolve_issues_in_existing_system][Support_software_process],[Exploratory],[architectural_evaluation],[source code repository][Issues_tracking],-,1,0,-,8,300K,-,[statistical_analysis][machine_learning][code_analysis],[Correlations][metrics]
118,Chaabane2017MiningDiscovery,2017 IEEE/ACS 14th International Conference on Computer Systems and Applications (AICCSA),AICCSA,2017,M. Chaabane; I. B. Rodriguez; K. Drira; M. Jmaiel,Mining Approach for Software Architectures' Description Discovery,10.1109/AICCSA.2017.169,https://ieeexplore-ieee-org.proxy-ub.rug.nl/document/8308382/authors#authors,Yes,Yes,Yes,"[Support_architectural_program_comprehension][Architecural_solutions_growth,_limitations_and_complexities]",[Evaluate_approach],[architectural_evaluation][architectural_synthesis],[execution_traces],-,0,1,-,180,-,-,[model_analysis],[architectural_decisions_And_Rationale]
119,Spinellis2021EvolutionStudy,"IEEE Transactions on Software Engineering ( Volume: 47, Issue: 6, 01 June 2021)",TSE,2021,D. Spinellis; P. Avgeriou,Evolution of the Unix System Architecture: An Exploratory Case Study,10.1109/TSE.2019.2892149,https://ieeexplore-ieee-org.proxy-ub.rug.nl/document/8704965/authors#authors,Yes,Yes,No,[Capture_architectural_knowledge][Support_architectural_program_comprehension][Achieve_quality_attributes],[Exploratory],[architectural_analysis][architectural_evaluation],[source code repository][architecture_design_documentation],-,3,2,-,33,42M,-,[qualitative_analysis][code_analysis][NLP][statistical_analysis],[architectural_decisions_And_Rationale][metrics][architectural_components]
120,Marinescu2004DetectionFlaws,"20th IEEE International Conference on Software Maintenance, 2004. Proceedings",ICSM,2004,R. Marinescu,Detection Strategies: Metrics-Based Rules for Detecting Design Flaws,10.1109/ICSM.2004.1357820,https://ieeexplore-ieee-org.proxy-ub.rug.nl/document/1357820/authors#authors,Yes,Yes,Yes,[Achieve_quality_attributes][Identify_and_resolve_issues_in_existing_system],[Evaluate_approach],[architectural_analysis][architectural_evaluation],[source code repository],-,1,0,-,2,115.6K,-,[statistical_analysis][model_analysis],[metrics]
121,Amrit2010CoordinationProjects,OSS 2010: Open Source Software: New Horizons pp 314-321,OSS,2010,C. Amrit; J. van Hillegersberg,Coordination Implications of Software Coupling in Open Source Projects,10.1007/978-3-642-13244-5_25,https://link-springer-com.proxy-ub.rug.nl/chapter/10.1007/978-3-642-13244-5_25,Yes,Yes,Yes,[Identify_and_resolve_issues_in_existing_system][Support_software_process],[Exploratory],[architectural_evaluation],[source code repository][mailing_list],-,0,1,-,9,510K,-,[code_analysis][qualitative_analysis][machine_learning],[metrics]
122,Izurieta2007SoftwareEvolution,First International Symposium on Empirical Software Engineering and Measurement (ESEM 2007),ESEM,2007,C. Izurieta; J. M. Bieman,How Software Designs Decay: A Pilot Study of Pattern Evolution,10.1109/ESEM.2007.55,https://ieeexplore-ieee-org.proxy-ub.rug.nl/document/4343775/authors#authors,Yes,Yes,No,[Identify_and_resolve_issues_in_existing_system],[Exploratory],[architectural_analysis],[source code repository],-,0,1,-,6,-,-,[model_analysis],[architectural_components]
123,Tonu2006EvaluatingApproach,Conference on Software Maintenance and Reengineering (CSMR'06),CSMR,2006,S. A. Tonu; A. Ashkan; L. Tahvildari,Evaluating Architectural Stability Using a Metric-Based Approach,10.1109/CSMR.2006.26,https://ieeexplore-ieee-org.proxy-ub.rug.nl/abstract/document/1602377/authors#authors,Yes,Yes,Yes,[Achieve_quality_attributes][Support_architectural_program_comprehension],[Evaluate_approach],[architectural_evaluation],[source code repository],-,0,2,-,18,183K,-,[code_analysis],[metrics]
124,Wetzlmaier2014ExtractingReport,2014 Joint Conference of the International Workshop on Software Measurement and the International Conference on Software Process and Product Measurement,IWSM,2014,T. Wetzlmaier; C. Klammer; R. Ramler,Extracting Dependencies from Software Changes: An Industry Experience Report,10.1109/IWSM.Mensura.2014.12,https://ieeexplore-ieee-org.proxy-ub.rug.nl/document/7000096/authors#authors,Yes,Yes,Yes,[Support_architectural_program_comprehension],[Exploratory],[architectural_analysis],[source code repository][Issues_tracking][architecture_design_documentation],-,1,0,-,79816,-,-,[model_analysis],[architectural_components]
125,,ECSA 2021,ECSA,2021,"Mohamed Soliman, Matthias Galster & Paris Avgeriou ",An Exploratory Study on Architectural Knowledge in Issue Tracking Systems,,https://link-springer-com.proxy-ub.rug.nl/chapter/10.1007/978-3-030-86044-8_8,Yes,Yes,No,[Capture_architectural_knowledge],[Exploratory],,[Issues_tracking],-,0,3,98,-,-,-,[qualitative_analysis][statistical_analysis],[architectural_decisions_And_Rationale]
126,,ECSA 2021,ECSA,2021,"Katerina Chinnappan, Ivano Malavolta, Grace A. Lewis, Michel Albonico & Patricia Lago",Architectural Tactics for Energy-Aware Robotics Software: A Preliminary Study,,https://link-springer-com.proxy-ub.rug.nl/chapter/10.1007/978-3-030-86044-8_11,Yes,Yes,No,[Capture_architectural_knowledge],[Exploratory],,[source code repository][stackOverflow],-,-,-,-,-,-,-,[qualitative_analysis][information retrieval],[architectural_decisions_And_Rationale]
127,,ECSA 2021,ECSA,2021,"Jan Keim, Sophie Schulz1,2 , Dominik Fuchß1 , Claudius Kocher1,
Janek Speit1, and Anne Koziolek",Trace Link Recovery for Software Architecture Documentation,,,Yes,Yes,No,[Capture_architectural_knowledge][Industrial_financial_costs],[Evaluate_approach],,[architecture_design_documentation][architectural_models],-,-,3,-,-,-,-,[NLP][model_analysis],[architectural_components]
128,,ECSA 2021,ECSA,2021,Patric Genfer & Uwe Zdun,Identifying Domain-Based Cyclic Dependencies in Microservice APIs Using Source Code Detectors,,https://link-springer-com.proxy-ub.rug.nl/chapter/10.1007/978-3-030-86044-8_15,Yes,Yes,No,[Identify_and_resolve_issues_in_existing_system],[Evaluate_approach],,[source code repository],-,-,2,-,3,-,-,[model_analysis][code_analysis],[architectural_quality_issues]
129,,ECSA 2022,ECSA,2022,"Fabio Di Lauro, Souhaila Serbout & Cesare Pautasso ",To Deprecate or to Simply Drop Operations? An Empirical Study on the Evolution of a Large OpenAPI Collection,,https://link-springer-com.proxy-ub.rug.nl/chapter/10.1007/978-3-031-16697-6_3,Yes,Yes,No,[Achieve_quality_attributes][Identify_and_resolve_issues_in_existing_system],[Exploratory],,[source code repository][API_Specification],-,-,-,-,-,-,-,[model_analysis][statistical_analysis],[architectural_quality_issues][metrics]
130,,ECSA 2022,ECSA,2022,"Evangelos Ntentos, Uwe Zdun, Jacopo Soldani & Antonio Brogi ",Assessing Architecture Conformance to Coupling-Related Infrastructure-as-Code Best Practices: Metrics and Case Studies,,https://link-springer-com.proxy-ub.rug.nl/chapter/10.1007/978-3-031-16697-6_7,Yes,Yes,No,"[Measure_architecture][Architectural_solutions_growth,_limitations_and_complexities]",[Exploratory][Evaluate_approach],,[source code repository][Web],-,-,3,-,9,-,-,[model_analysis][code_analysis][qualitative_analysis],[architectural_quality_issues][metrics]
131,,ICSA 2022,ICSA,2022,"Ruiyin Li, Mohamed Soliman, Peng Liang, Paris Avgeriou",Symptoms of Architecture Erosion in Code Reviews: A Study of Two OpenStack Projects,,https://ieeexplore-ieee-org.proxy-ub.rug.nl/stamp/stamp.jsp?tp=&arnumber=9779696,Yes,Yes,No,[Identify_and_resolve_issues_in_existing_system],[Exploratory],,[code_review_platform],-,-,2,-,38018,-,-,[qualitative_analysis][information retrieval][statistical_analysis],[architectural_quality_issues]
132,,ICSA 2022,ICSA,2022,"Michel Muszynski, Sven Lugtigheid, Fernando Castor, Sjaak Brinkkemper",A Study on the Software Architecture Documentation Practices and Maturity in Open-Source Software Development,,https://ieeexplore-ieee-org.proxy-ub.rug.nl/stamp/stamp.jsp?tp=&arnumber=9779701,Yes,Yes,No,[Capture_architectural_knowledge][Open-source],[Exploratory],,[architecture_design_documentation],-,-,6,-,201926,-,-,[qualitative_analysis],[architectural_components]
133,,ICSA 2022,ICSA,2022,"Stephen John Warnett, Uwe Zdun",Architectural Design Decisions for Machine Learning Deployment,,https://ieeexplore-ieee-org.proxy-ub.rug.nl/stamp/stamp.jsp?tp=&arnumber=9779697,Yes,Yes,No,"[Architectural_solutions_growth,_limitations_and_complexities][Capture_architectural_knowledge]",[Exploratory],,[Blogs][Videos],-,-,-,-,-,-,-,[qualitative_analysis],[architectural_decisions_And_Rationale]
134,,International Conference on Engineering of Complex Computer Systems,ICECCS,2014,"Wei Ding1,4, Peng Liang1,2*, Antony Tang3
, Hans van Vliet2, Mojtaba Shahin",How Do Open Source Communities Document Software Architecture: An Exploratory Survey,,https://ieeexplore-ieee-org.proxy-ub.rug.nl/stamp/stamp.jsp?tp=&arnumber=6923128,Yes,Yes,No,[Capture_architectural_knowledge][Open-source],[Exploratory],,[architecture_design_documentation],-,-,2000,-,-,-,-,[qualitative_analysis],[architectural_components]
135,,IEEE Transactions on Software Engineering,TSE,2016,"R. Kazman, D. Goldenson, I. Monarch, W. Nichols, and G. Valetto",Evaluating the Effects of Architectural Documentation: A Case Study of a Large Scale Open Source Project,,https://ieeexplore-ieee-org.proxy-ub.rug.nl/stamp/stamp.jsp?tp=&arnumber=7230299,Yes,Yes,No,[Industrial_financial_costs][Arch_Documentation][Measure_architecture],[Exploratory],,[mailing_list][architecture_design_documentation][Google_analytics_records][Issues_tracking][source code repository],-,-,-,-,-,-,-,[qualitative_analysis][statistical_analysis],[architectural_components]
136,,Science of Computer Programming,SCICO,2016,"K.A. de Graaf a, P. Liang b, A. Tang c, H. van Vliet",How organisation of architecture documentation affects architectural knowledge retrieval,,https://www.sciencedirect.com/science/article/pii/S0167642315003172,Yes,Yes,No,[Capture_architectural_knowledge][Arch_Documentation],[Evaluate_approach],,[architecture_design_documentation],-,2,-,-,-,-,-,[NLP][model_analysis],[architectural_components]
137,,Journal of Systems and Software,JSS,2021,"T. Bi, W. Ding, P. Liang, and A. Tang","Architecture information communication in two OSS projects: The why, who, when, and what",,"https://www.sciencedirect.com/science/article/pii/
S0164121221001321",Yes,Yes,No,[Capture_architectural_knowledge][Arch_Documentation],[Exploratory],,[mailing_list],-,-,2,-,-,-,-,[qualitative_analysis],[architectural_decisions_And_Rationale]
138,,IEEE Transactions on Software Engineering,TSE,2022,"Joshua Garcia, Ehsan Kouroshfar, Negar Ghorbani, and Sam Malek","Forecasting Architectural Decay From Evolutionary History
",,https://ieeexplore-ieee-org.proxy-ub.rug.nl/stamp/stamp.jsp?tp=&arnumber=9357984,Yes,Yes,No,[Industrial_financial_costs][Identify_and_resolve_issues_in_existing_system],[Evaluate_approach],,[source code repository],-,-,5,-,38,1359KSLOC,-,[model_analysis][code_analysis][machine_learning],[architectural_components][architectural_quality_issues]
139,,International Symposium on Software Reliability Engineering (ISSRE),ISSRE,2019,"W. Oizumi, L. Sousa, A. Oliveira, L. Carvalho, A. Garcia, T. Colanzi,
and R. Oliveira","On the density and diversity of degradation symptoms in refactored classes: A multi-case study
",,https://ieeexplore-ieee-org.proxy-ub.rug.nl/stamp/stamp.jsp?tp=&arnumber=8987457,Yes,Yes,No,[Identify_and_resolve_issues_in_existing_system],[Exploratory],,[source code repository],-,2,6,-,71747,3838KSLOC,-,[code_analysis][statistical_analysis],[architectural_quality_issues]
140,,International Conference on Software Maintenance and Evolution (ICSME),ICSME,2020,"Anderson Uchoaˆ ∗, Caio Barbosa∗, Willian Oizumi∗, Publio Blenilio†, Rafael Lima†, Alessandro Garcia∗, Carla Bezerra",How Does Modern Code Review Impact Software Design Degradation? An In-depth Empirical Study,,https://ieeexplore-ieee-org.proxy-ub.rug.nl/stamp/stamp.jsp?tp=&arnumber=9240657,Yes,Yes,No,[Achieve_quality_attributes][Identify_and_resolve_issues_in_existing_system],[Exploratory],,[code_review_platform][source code repository],-,-,7,-,45011,-,-,[qualitative_analysis][code_analysis][statistical_analysis],[architectural_quality_issues]
141,,ICWE,ICWE,2021,"Fabio Di Lauro(B) , Souhaila Serbout , and Cesare Pautasso",Towards Large-Scale Empirical Assessment of Web APIs Evolution,,,Yes,Yes,No,[Achieve_quality_attributes][Measure_architecture],[Exploratory],,[API_Specification],-,-,4682,-,13786,-,-,[statistical_analysis],[architectural_components]
142,,Empirical Software Engineering,ESEM,2022,"Alvi Mahadi, Neil A. Ernst & Karan Tongay",Conclusion stability for natural language based mining of design discussions,,https://link-springer-com.proxy-ub.rug.nl/article/10.1007/s10664-021-10009-1,Yes,Yes,No,[Capture_architectural_knowledge],[Evaluate_approach],,[stackOverflow][pull_requests],-,-,77,-,2000,-,51989,[NLP][machine_learning],[architectural_decisions_And_Rationale]
143,,Empirical Software Engineering,ESEM,2022,"Laksri Wijerathna, Aldeida Aleti, Tingting Bi & Antony Tang",Mining and relating design contexts and design patterns from Stack Overflow,,https://link-springer-com.proxy-ub.rug.nl/article/10.1007/s10664-021-10034-0,Yes,Yes,No,[Capture_architectural_knowledge],[Evaluate_approach],,[stackOverflow],-,-,-,-,-,-,1500,[NLP][machine_learning][qualitative_analysis],[architectural_decisions_And_Rationale]
144,,ESEC/FSE,FSE,2020,"Umme Ayda Mannan, Iftekhar Ahmed, Carlos Jensen, Anita Sarma",On the relationship between design discussions and design quality: a case study of Apache projects,,https://dl-acm-org.proxy-ub.rug.nl/doi/pdf/10.1145/3368089.3409707,Yes,Yes,No,"[Capture_architectural_knowledge][Achieve_quality_attributes][Industrial_financial_costs][Architectural_solutions_growth,_limitations_and_complexities]",[Exploratory],,[mailing_list][Issues_tracking][pull_requests],-,-,37,-,22688 (Average),1770KSLOC (Average),-,[NLP][machine_learning][qualitative_analysis][code_analysis],[architectural_decisions_And_Rationale][architectural_quality_issues]
145,,SANER 2015,SANER,2015,"Rodrigo Morales, Shane McIntosh, Foutse Khomh","Do Code Review Practices Impact Design Quality? A Case Study of the Qt, VTK, and ITK Projects",,https://ieeexplore-ieee-org.proxy-ub.rug.nl/stamp/stamp.jsp?tp=&arnumber=7081827,Yes,Yes,No,[Achieve_quality_attributes][Identify_and_resolve_issues_in_existing_system],[Exploratory],,[code_review_platform][source code repository],-,-,3,-,17696,13000KSLOC,-,[code_analysis][statistical_analysis],[architectural_quality_issues]
146,,"2021 Reconciling Data Analytics, Automation, Privacy, and Security: A Big Data Challenge (RDAAPS)",RDAAPS,2021,"Joe Samuel1 , Jason Jaskolka1 , George O. M. Yee",Leveraging External Data Sources to Enhance Secure System Design,,https://ieeexplore-ieee-org.proxy-ub.rug.nl/stamp/stamp.jsp?arnumber=9452029,Yes,Yes,No,[Achieve_quality_attributes][Industrial_financial_costs][Identify_and_resolve_issues_in_existing_system],[Evaluate_approach],,[vulnerabilities_reports],-,-,-,-,-,-,-,[NLP],[architectural_quality_issues]
147,,ICPC,ICPC,2019,,Removal of design problems through refactorings: are we looking at the right symptoms?,,https://ieeexplore-ieee-org.proxy-ub.rug.nl/stamp/stamp.jsp?tp=&arnumber=8813270&tag=1,Yes,Yes,No,[Achieve_quality_attributes][Identify_and_resolve_issues_in_existing_system],[Exploratory],,[source code repository][Issues_tracking],-,-,2,33,5700,600KSLOC,-,[qualitative_analysis][information retrieval][code_analysis],[architectural_quality_issues]
148,,ICSA,ICSA,2023,"Soliman, Mohamed; Gericke, Kirsten; Avgeriou, Paris","Where and What do Software Architects blog? : An Exploratory Study on Architectural Knowledge in Blogs, and their Relevance to Design Steps",10.1109/ICSA56044.2023.00020,https://www.computer.org/csdl/proceedings-article/icsa/2023/974900a129/1MBRIDasQZa,Yes,Yes,?,[Capture_architectural_knowledge],[Exploratory],[architectural_analysis],[Web],-,-,-,-,-,-,-,[qualitative_analysis][nlp],[architectural_decisions_And_Rationale][architectural_components]
149,,MSR,MSR,2023,"Irsan, Ivana Clairine; Zhang, Ting; Thung, Ferdian; Kim, Kisub; Lo, David",Picaso: Enhancing API Recommendations with Relevant Stack Overflow Posts,10.1109/MSR59073.2023.00025,https://www.computer.org/csdl/proceedings-article/msr/2023/118400a092/1OIL4nVQssU,Yes,Yes,?,[Support_architectural_program_comprehension],[Exploratory],[architectural_synthesis],[stackOverflow][source code repository],-,-,-,-,-,-,-,[machine_learning],[architectural_components]
150,,ICSA,ICSA,2023,"Keim, Jan; Corallo, Sophie; Fuchß, Dominik; Koziolek, Anne",Detecting Inconsistencies in Software Architecture Documentation Using Traceability Link Recovery,10.1109/ICSA56044.2023.00021,https://www.computer.org/csdl/proceedings-article/icsa/2023/974900a141/1MBRHJQFGjC,Yes,Yes,?,[Arch_Documentation],[Evaluate_approach],[architectural_analysis],[architecture_design_documentation],-,-,5,-,-,-,-,[information retrieval][machine_learning][NLP][model_analysis],[architectural_decisions_And_Rationale][architectural_quality_issues]
151,,ICSA,ICSA,2023,"Vazquez, Hernan C.; Diaz-Pace, J. Andres; Vidal, Santiago A.; Marcos, Claudia",A Recommender System for Recovering Relevant JavaScript Packages from Web Repositories,10.1109/ICSA56044.2023.00024,https://www.computer.org/csdl/proceedings-article/icsa/2023/974900a175/1MBRIk74lCE,Yes,Yes,?,[Support_architectural_program_comprehension],[Exploratory],[architectural_synthesis],[Web],-,-,-,-,-,-,-,[machine_learning][information_retrieval],[architectural_components]
